{"cameraMode":{"drawMode":0,"name":"Shaded","section":"Shading Mode"},"sceneLighting":true,"audioPlay":false,"sceneViewState":{"showFog":true,"showMaterialUpdate":false,"showSkybox":true,"showFlares":true,"showImageEffects":true,"showParticleSystems":true},"in2DMode":false,"pivot":{"x":0.0,"y":4.880000114440918,"z":-1.8600000143051148},"rotation":{"x":-0.10565274953842163,"y":-0.49025630950927737,"z":0.060015223920345309,"w":-0.8630674481391907},"size":0.866025447845459,"orthographic":false}