{"cameraMode":{"drawMode":0,"name":"Shaded","section":"Shading Mode"},"sceneLighting":true,"audioPlay":false,"sceneViewState":{"showFog":true,"showMaterialUpdate":false,"showSkybox":false,"showFlares":true,"showImageEffects":true,"showParticleSystems":true},"in2DMode":false,"pivot":{"x":-26.025386810302736,"y":28.530637741088868,"z":-9.906736373901368},"rotation":{"x":-0.248455211520195,"y":0.6872345209121704,"z":-0.272935152053833,"w":-0.6257401704788208},"size":18.229219436645509,"orthographic":false}