{"cameraMode":{"drawMode":0,"name":"Shaded","section":"Shading Mode"},"sceneLighting":false,"audioPlay":false,"sceneViewState":{"showFog":true,"showMaterialUpdate":true,"showSkybox":false,"showFlares":true,"showImageEffects":true,"showParticleSystems":true},"in2DMode":false,"pivot":{"x":0.022280573844909669,"y":0.862539529800415,"z":0.005333662033081055},"rotation":{"x":0.11199722439050675,"y":0.7114428877830505,"z":-0.11649700999259949,"w":0.6839415431022644},"size":2.177480697631836,"orthographic":false}