{"cameraMode":{"drawMode":0,"name":"Shaded","section":"Shading Mode"},"sceneLighting":true,"audioPlay":false,"sceneViewState":{"showFog":true,"showMaterialUpdate":true,"showSkybox":true,"showFlares":true,"showImageEffects":true,"showParticleSystems":true},"in2DMode":false,"pivot":{"x":4.80853271484375,"y":4.470093727111816,"z":7.337996482849121},"rotation":{"x":-0.19085127115249635,"y":-0.4301418662071228,"z":0.0936591699719429,"w":-0.8774778842926025},"size":11.148289680480957,"orthographic":false}