{"cameraMode":{"drawMode":0,"name":"Shaded","section":"Shading Mode"},"sceneLighting":true,"audioPlay":false,"sceneViewState":{"showFog":true,"showMaterialUpdate":true,"showSkybox":true,"showFlares":true,"showImageEffects":true,"showParticleSystems":true},"in2DMode":false,"pivot":{"x":-3.44488263130188,"y":1.2709635496139527,"z":11.503011703491211},"rotation":{"x":-0.01335479412227869,"y":0.9715369939804077,"z":0.22973239421844483,"w":0.05698573961853981},"size":0.7867469191551209,"orthographic":false}