{"cameraMode":{"drawMode":0,"name":"Shaded","section":"Shading Mode"},"sceneLighting":true,"audioPlay":false,"sceneViewState":{"showFog":true,"showMaterialUpdate":false,"showSkybox":false,"showFlares":true,"showImageEffects":true,"showParticleSystems":true},"in2DMode":false,"pivot":{"x":-10.107406616210938,"y":27.736801147460939,"z":-22.28083038330078},"rotation":{"x":-0.0853065699338913,"y":0.8461352586746216,"z":-0.1424514353275299,"w":-0.5064830183982849},"size":22.195026397705079,"orthographic":false}