{"cameraMode":{"drawMode":0,"name":"Shaded","section":"Shading Mode"},"sceneLighting":false,"audioPlay":false,"sceneViewState":{"showFog":true,"showMaterialUpdate":false,"showSkybox":false,"showFlares":true,"showImageEffects":true,"showParticleSystems":true},"in2DMode":false,"pivot":{"x":-8.704000473022461,"y":2.046579360961914,"z":5.705622673034668},"rotation":{"x":0.2668139934539795,"y":-0.6695788502693176,"z":0.2828226685523987,"w":0.6329835057258606},"size":0.44709330797195437,"orthographic":false}